Joelly,50
Katharina,74
Kaia,77
Harmonia,8
Ariela,69
Etta,8
Brena,38
Penelopa,78
Alie,61
Kayla,79
Meg,67
Theodora,36
Gwyneth,70
Noelle,22
Clary,52
Amalie,55
Viki,57
Kimberley,19
Fidelia,39
Dale,40
Lorne,17
Kaja,35
Ernesta,21
Ginnie,48
Orelia,16
Adelle,1
Zsa Zsa,50
Keelia,60
Britni,17
Meghann,23
Asia,46
Gabriellia,50
Brandise,73
Ann-Marie,44
Max,68
Amii,25
Orelia,44
Lacie,66
Karly,6
Brooks,5
Cyndie,8
Dulcinea,61
Hope,49
Steffane,18
Consuela,76
Ivett,10
Maye,16
Sean,27
Caressa,31
Jessamyn,76
Jacenta,71
Damaris,52
Clary,41
Layla,12
Vevay,74
Ursulina,24
Vere,15
Amalie,60
Kaja,24
Ivett,12
Elsie,69
Konstance,61
Winifred,64
Jerry,54
Janis,25
Belva,26
Deedee,31
Mariann,69
Lacie,4
Jerry,20
Lyssa,25
Rivalee,24
Elmira,74
Maisey,60
Emma,3
Glenda,67
Joelly,68
Malina,54
Dulcinea,66
Sheree,52
Aili,12
Carly,1
Kristan,9
Dulcinea,14
Jeanna,42
Ezmeralda,15
Gale,44
Nataline,13
Aurore,47
Kate,38
Emma,65
Janey,52
Nita,48
Ardys,15
Kirstin,37
Madalyn,5
Amara,60
Maurene,66
Cyb,56
Sindee,1
Raf,55
Rosene,27
Bernie,77
Katuscha,3
Carmencita,66
Clary,71
Roslyn,67
Olwen,77
Susette,68
Estell,75
Anica,57
Atlanta,56
Marnia,14
Micheline,40
Fernande,34
Queenie,69
Evaleen,24
Alyda,25
Lila,67
Lorie,60
Tami,56
Ira,10
Celisse,5
Loree,9
Katuscha,19
Lorie,24
Jaclyn,40
Winifred,68
Ketti,79
Marguerite,70
Aaren,75
Addia,26
Marinna,51
Melanie,48
Yvonne,70
Oona,38
Sallie,33
Harrietta,67
Lauryn,10
Andeee,55
Pollyanna,11
Kirbee,40
Daune,48
Lory,10
Selia,8
Lorie,11
Aaren,7
Willetta,45
Alie,69
Chastity,55
Margalo,39
Mahalia,78
Corene,72
Theodora,14
Lila,8
Sabina,60
Zondra,59
Georgetta,36
Shandie,3
Daryl,32
Ashlee,5
Leia,69
Annabela,54
Sidoney,5
Aeriela,72
Florie,69
Antonietta,69
Alisha,42
Xylina,53
Cristine,67
Shaylyn,63
Joeann,79
Dagmar,50
Marjie,54
Darci,20
Deirdre,53
Laure,30
Rani,28
Adriana,44
Joleen,74
Nannie,56
Maurene,51
Frank,11
Molli,73
Romona,67
Alexine,67
Dulce,41
Isa,31
Micheline,35
Natka,56
Bettine,30
Maridel,55
Georgetta,36
Taffy,73
Elbertina,39
Elena,29
Linet,26
Daphne,16
Valli,43
Marylou,60
Mara,23
Judy,76
Annice,56
Doro,36
Ida,50
Albertina,39
Phylis,62
Clo,13
Elora,62
Fernande,71
Bill,78
Selia,66
Corene,78
Audrie,53
Lynde,19
Carlie,65
Sallie,33
Rosene,72
Xylina,45
Lita,7
Flory,70
Britni,34
Evaleen,43
Anallese,21
Lacie,28
Cherilyn,69
Iseabal,22
Nickie,3
Tami,11
Edee,7
Gwenneth,76
Minda,60
Charlena,64
Clary,23
Britte,40
Merrie,78
Berta,30
Anica,23
Donnie,14
Oralee,2
Ronna,57
Coral,14
Annaliese,69
Janey,51
Ingrid,14
Jany,37
Candy,65
Ira,46
Kamilah,51
Desirae,61
Lynea,63
Karena,72
Fawne,18
Fanchon,14
Alleen,50
Phylis,7
Caressa,32
Maisey,78
Shell,74
Katleen,46
Aili,13
Lanae,36
Gretal,79
Addia,34
Marcelline,70
Sue,31
Mamie,49
Meg,8
Eve,10
Tybie,44
Annabela,17
Micheline,61
Veda,60
Edee,18
Shaine,12
Reeba,42
Cherrita,12
Lilith,5
Clementine,19
Cordi,19
Zondra,43
Andeee,40
Anallese,49
Grier,29
Mary,22
Helena,19
Clo,52
Addia,62
Cathie,69
Brooks,67
Maurene,14
Sherrie,55
Ada,63
Catharine,58
Theodora,43
Amelia,57
Pamella,16
Vere,45
Selma,10
Pollyanna,22
Nannie,35
Lonnie,56
Meg,43
Clementine,26
Cassondra,56
Larine,4
Max,76
Sheelagh,69
Thalia,50
Joeann,46
Fredericka,32
Max,68
Vonny,41
Etta,4
Joeann,68
Petronia,20
Dione,30
Esmeralda,72
Adriana,40
Siana,49
Lyssa,17
Rochette,19
Verla,46
Sara-Ann,35
Marline,17
Steffane,7
Ashlee,71
Phylis,76
Cassondra,39
Cordi,32
Kimberley,17
Feliza,28
Caressa,61
Chrystel,46
Ginnie,11
Goldie,55
Lacie,42
Joy,2
Grier,74
Henriette,40
Danika,66
Karina,47
Kirbee,28
Lynde,56
Annice,15
Marleah,13
Xylina,76
Patricia,23
Pearline,79
Aryn,6
Eve,74
Hollie,72
Drucie,80
Sidoney,2
Meghann,6
Ivett,42
Shandie,44
Gui,54
Annaliese,70
Louella,63
Ursulina,30
Mady,42
Robinia,69
Claresta,45
Bertine,42
Elmira,11
Dode,22
Bee,45
Zaria,63
Britni,50
Gavrielle,47
Allis,8
Vita,70
Willetta,24
Anthia,65
Marsiella,72
Rochette,17
Gertrud,73
Barbara,74
Jaime,24
Orsola,39
Alexine,62
Marti,26
Bee,18
Lucy,31
Grier,24
Zia,15
Marguerite,39
Nonnah,13
Benita,52
Collen,7
Doro,37
Leona,7
Yetty,19
Rosabelle,38
Larine,37
Verla,39
Ottilie,40
Zondra,33
Kenna,54
Blinni,75
Ida,4
Elie,18
Kristina,49
Dawn,69
Barbi,33
Selia,13
Hollie,23
Vere,54
Agnese,1
Gerianna,30
Riannon,80
Danny,49
Dennie,24
Steffane,76
Yvonne,25
Deloria,80
Kathy,10
Tina,50
Vinita,31
Lexine,34
Sallie,30
Talya,23
Lanna,71
Florie,16
Dania,71
Lucille,4
Harrietta,58
Ekaterina,24
Doro,52
Flo,38
Ilse,61
Frances,10
Priscilla,24
Juliane,2
Lorie,73
Jacquetta,13
Pearline,28
Leona,41
Maridel,79
Larine,3
Paola,57
Emilia,60
Kathy,70
Grier,45
Molli,78
Dari,52
Jessy,35
Pearline,71
Kellen,44
Albertina,13
Madelle,53
Wileen,7
Dulce,17
Estell,2
Vere,40
Lesly,43
Jacenta,21
Johna,71
Nessie,16
Viki,8
Beverley,67
Minne,71
Lilith,77
Brana,47
Jasmina,72
Antonietta,34
Viviene,4
Sandie,80
Kary,37
Raquela,67
Adriana,28
Kary,19
Consuela,79
Gilligan,32
Kenna,67
Dorice,1
Romona,23
Dorthy,59
Dione,63
Hollie,59
Diena,20
Juliane,74
Kathy,79
Tilly,80
Elyssa,51
Lesly,35
Carlie,31
Diena,31
Misha,72
Jan,58
Kirbee,79
Hallie,10
Tressa,58
Cristine,70
Marita,79
Anthia,55
Alameda,12
Dennie,59
Elise,16
Eolanda,43
Kalina,23
Justinn,19
Nannie,53
Theodora,23
Correy,41
Cassondra,72
Elie,19
Arabel,18
Kelly,65
Ulrike,78
Mady,80
Elbertina,8
Georgina,77
Eve,44
Fernande,56
Leanna,77
Noelle,80
Albertina,19
Daune,24
Lorenza,24
Joelly,16
Zia,66
Codie,8
Claudina,45
Joleen,72
Elie,33
Jean,20
Elvira,24
Sindee,6
Ruthe,49
Rebeca,69
Lynde,25
Consuela,20
Rosabelle,75
Ofilia,68
Ericka,59
Elena,22
Lauryn,80
Marguerite,31
Jaclyn,56
Ezmeralda,5
Linet,77
Esmeralda,3
Siana,40
Cecile,61
Kate,59
Merry,47
Marline,50
Margalo,74
Maud,56
Mariele,35
Lorenza,40
Lisette,30
Celestyna,29
Joane,38
Audrie,76
Patricia,57
Gretal,32
Nannie,59
Ardys,25
Christian,29
Georgina,53
Ninnetta,58
Marita,59
Dode,49
Inga,74
Kathy,78
Bobinette,74
Myriam,12
Emelina,61
Olivette,52
Ardys,35
Edee,46
Tonia,50
Katleen,65
Dulcinea,46
Laurene,63
Valli,34
Ursulina,22
Hannis,43
Nessie,77
Gerrie,6
Zaria,58
Selia,7
Rosabelle,9
Amii,6
Di,35
Clo,76
Rani,80
Marcy,12
Audrie,37
Marsiella,25
Jackie,37
Merrie,7
Margette,35
Babita,42
Marline,56
Binny,30
Tera,16
Hyacinthe,22
Brana,15
Molli,79
Gavrielle,44
Florencia,19
Hannis,14
Collen,14
Olivette,74
Gianina,64
Lily,71
Stephanie,9
Maisey,5
Ninnetta,75
Kimmy,63
Jaime,8
Calla,65
Mireielle,78
Evaleen,75
Quintina,43
Quintina,43
Lulita,65
Mary,70
Mamie,44
Sheree,37
Merry,11
Henriette,32
Goldie,26
Ronna,15
Corene,72
Marguerite,42
Kalina,44
Britni,32
Janey,13
Raf,44
Bee,4
Gloria,6
Lyssa,12
Hyacinthe,33
Talya,58
Amara,29
Jasmina,71
Quintina,34
Christy,22
Lenna,75
Calla,8
Dorthy,30
Charissa,61
Larine,79
Shannah,52
Catrina,6
Arlena,46
Demetris,54
Sean,18
Marylou,57
Eve,38
Romona,58
Anica,17
Clementine,14
Amelia,64
Yolane,44
Paola,39
Georgetta,71
Kylynn,67
Helena,79
Valli,21
Bee,53
Brana,43
Evaleen,49
June,73
Rayna,3
Giustina,10
Ricky,15
Ethel,10
Gloria,11
Clarice,11
Lisette,9
Antonietta,22
Nonnah,45
Genovera,57
Demetris,77
Ulrike,44
Merrie,61
Barbara,58
Merry,31
Rosene,58
Binny,59
Bernardine,49
Ariela,49
Netty,23
Christal,69
Vevay,68
Vere,34
Adelle,54
Jeanna,44
Tracey,7
Dorice,12
Kate,19
Hermione,80
Consuela,58
Nollie,52
Candi,37
Dorothy,61
Melina,58
Sheree,3
Randa,51
Elka,26
Ketti,8
Jemie,22
Emylee,77
Raina,22
Kirstin,44
Rochette,28
Averyl,40
Trixi,56
Babita,51
Kara-Lynn,21
Gwenneth,79
Mireielle,33
Cathie,27
Kirstin,56
Ricky,21
Rozele,7
Monika,54
Cassandra,37
Deirdre,24
Donnie,48
Albertina,4
Kylynn,63
Chloris,17
Gilligan,66
Theodora,60
Melina,47
Melanie,65
Cacilie,77
Devina,47
Kristan,44
Dorothy,57
Alexine,78
Almeta,80
Desirae,71
Corina,66
Adriana,26
Vita,49
Ileana,37
Marti,41
Kore,43
Dale,12
Sherrie,77
Queenie,1
Valeda,30
Rosaline,42
Fidelia,30
Jean,57
Cristabel,14
Vevay,26
Lyssa,77
Mariele,22
Halette,10
Tersina,42
Pearline,33
Lorenza,19
Karly,79
Cristine,67
Fidelia,66
Monika,1
Priscilla,76
Diena,45
Kelly,40
Grier,16
Tera,45
Kellen,54
Leanna,47
Marjie,60
Sindee,25
Giustina,36
Roxane,68
Verla,61
Paola,20
Hyacinthe,11
Cassondra,63
Mellicent,6
Esmeralda,25
Eolanda,23
Violet,17
Calla,57
Marinna,18
Noelle,78
Elbertina,59
Jobi,22
Lita,76
Paulita,11
Dennie,47
Jessamyn,10
Ketti,45
Shell,54
Amara,62
Iseabal,18
Esmeralda,47
Pierette,36
Ursulina,58
Berta,41
Brynna,79
Barbi,2
Ileana,70
Orelia,4
Tierney,29
Minda,33
Gertrud,40
Kaia,14
Gerianna,30
Loree,62
Agathe,62
Tersina,79
Carmencita,59
Lindie,28
Georgetta,44
Anallese,10
Stevana,11
Ashlee,28
Elyssa,31
Jinny,76
Mara,37
Melisent,42
Renae,24
Alleen,55
Gilligan,30
Cathie,11
Starla,54
Danny,59
Annora,35
Marcy,13
Vanessa,62
Lenna,69
Fredericka,75
Nelle,28
Leontine,75
Danika,19
Brynna,71
Berta,48
Jorry,21
Bettine,49
Deirdre,59
Danika,15
Vere,13
Sindee,66
Ketti,2
Quintina,41
Lenna,79
Karina,80
Rhoda,44
Linet,17
Margette,52
Fredericka,2
Abbie,73
Carlie,3
Merrie,53
Cissiee,17
Darlleen,74
Dorene,65
Althea,80
Chickie,27
Tera,66
Althea,40
Gerianna,4
Ada,31
Kelly,28
Katharina,34
Nerta,37
Marika,44
Rhoda,29
Lauryn,24
Winifred,35
Aimil,50
Sharlene,54
Lory,32
Corry,46
Almeta,68
Antonietta,64
Tomasina,56
Cathie,68
Mallory,28
Agathe,44
Concettina,1
Dale,61
Hayley,72
Amelia,49
Cristabel,37
Hermione,5
Josephine,56
Brianna,73
Hollie,20
Anica,79
Paola,60
Britni,16
Gilda,14
Mireielle,41
Christal,43
Susette,64
Alex,10
Philis,54
Trudie,57
Marleah,44
Linet,65
Myrtice,30
Charmaine,40
Pearline,21
Doralynne,37
Dulce,70
Jacquetta,33
Alleen,31
Valeda,45
Ayn,22
Keelia,34
Dominga,26
Oralee,39
Katharina,42
Madelle,28
Emylee,33
Andree,40
Lorie,30
Dyann,35
Clementine,23
Reeba,55
Alia,60
Alexine,9
Alisha,32
Teriann,40
Modestia,37
Angela,68
Dennie,74
Sean,15
Maye,73
Brianna,65
Carree,32
Meg,39
Gertrud,69
Louella,8
Ricky,16
Di,37
Annora,69
Wynne,64
Betta,12
Asia,1
Lanae,43
Giustina,66
Collen,41
Teriann,4
Leia,23
Jan,64
Amara,46
Lyssa,79
Tami,35
Judy,2
Berta,50
Annora,32
Steffane,35
Wendi,30
Sandie,75
Tatiania,53
Marcelline,28
Marline,2
Correy,6
Ingrid,76
Stevana,24
Maryellen,64
Dorene,50
Roberta,36
Leona,74
Katleen,13
Etta,66
Ilse,55
Cathie,21
Dorthy,65
Fernande,77
Jobi,21
Consuela,34
Gusella,75
Max,52
Joane,2
Ardys,20
Oona,42
Monika,55
Danika,57
Melina,36
Constance,35
Margarette,75
Mamie,15
Elmira,68
Blake,61
Lolita,46
Rhea,56
Charlena,60
Brynna,43
Shaine,78
Lily,77
Dorthy,62
Kore,3
Melodie,36
Ileana,68
Alleen,54